userID,studentID,name,lastname,hashpassword,email,phone
0,4022604305,Rezvan,Kazemi,4533,Rezvan.Kazemi801@gmail.com,9651065286
1,4024828179,Kian,Jafari,3595,KianJafari365@gmail.com,9624072199
2,4032070231,Chavosh,Amini,3229,ChavoshAmini575@gmail.com,9472853524
3,4026307892,Chavosh,Ebrahimi,2972,Chavosh.Ebrahimi.304@gmail.com,9451255502
4,4016789424,Amir,Fakhri,3523,Amir.Fakhri687@gmail.com,9331667952
5,4039899104,Shahin,Tehrani,8416,Shahin.Tehrani907@gmail.com,9978674742
6,4014163323,Amir Hossein,Maleki,8686,Amir Hossein.Maleki999@gmail.com,9416865213
7,4021555306,Mohammad,Momeni,3042,Mohammad.Momeni419@gmail.com,9128344034
8,4017104712,Bahram,Nazeri,1766,BahramNazeri947@gmail.com,9811323713
9,4037634811,Reza,Rostami,6270,RezaRostami875@gmail.com,9708641812
10,4027299180,Farangis,Esmaeili,8587,FarangisEsmaeili.727@gmail.com,9439488931
11,4014274633,Kiana,Shafiei,4580,KianaShafiei.438@gmail.com,9647855432
12,4024568694,Behrooz,Ramezani,3750,BehroozRamezani.671@gmail.com,9498471300
13,4025113888,Amin,Amiri,8369,AminAmiri346@gmail.com,9698374858
14,4012568491,Niloofar,Khosravi,5539,Niloofar.Khosravi.749@gmail.com,9927030397
15,4020197159,Ali,Farzaneh,7826,AliFarzaneh260@gmail.com,9405145089
16,4031652335,Marzieh,Farrokhi,9236,MarziehFarrokhi224@gmail.com,9350694617
17,4022792286,Rezvan,Farhadi,3189,RezvanFarhadi677@gmail.com,9639466053
18,4027818953,Fatemeh,Ahmadi,9229,Fatemeh.Ahmadi409@gmail.com,9941870496
19,4022593667,Amir,Nazeri,9540,Amir.Nazeri230@gmail.com,9353453461
20,4028611307,Hasti,Khosravi,2827,Hasti.Khosravi.248@gmail.com,9380291005
21,4023785518,Neda,Khosravi,6355,Neda.Khosravi329@gmail.com,9861315578
22,4018787576,Setare,Hatami,1760,Setare.Hatami.494@gmail.com,9488801662
23,4012318903,Marzieh,Hashemi,2851,MarziehHashemi927@gmail.com,9133439797
24,4028822001,Sajjad,Maleki,2968,SajjadMaleki.158@gmail.com,9666375356
25,4037661003,Ali,Ghasemi,7094,AliGhasemi.587@gmail.com,9860281602
26,4036099691,Merhrdad,Nikzad,2175,Merhrdad.Nikzad669@gmail.com,9979092950
27,4032937343,Amir Hossein,Mirzaei,7171,Amir Hossein.Mirzaei.511@gmail.com,9560565817
28,4037693803,Gholam,Esfehani,7422,GholamEsfehani670@gmail.com,9526009578
29,4024559931,Marzieh,Kamali,4478,Marzieh.Kamali128@gmail.com,9350581390
30,4025019612,Soheila,Ghasemi,4880,Soheila.Ghasemi.912@gmail.com,9239829361
31,4031912472,Neda,Esfehani,8973,Neda.Esfehani601@gmail.com,9554618183
32,4011453397,Reza,Amiri,2006,Reza.Amiri983@gmail.com,9884463470
33,4025651699,Soheil,Esfehani,8189,Soheil.Esfehani.583@gmail.com,9228969159
34,4012247255,Bita,Amiri,3325,BitaAmiri.127@gmail.com,9477748762
35,4025139734,Farangis,Ghasemi,8332,FarangisGhasemi440@gmail.com,9406671272
36,4013052165,Ali,Esmaeili,3631,AliEsmaeili.954@gmail.com,9526966883
37,4012001590,Amin,Azizi,8101,Amin.Azizi803@gmail.com,9284247811
38,4020140761,Niloofar,Farzaneh,4871,Niloofar.Farzaneh.749@gmail.com,9978135392
39,4034519526,Behrooz,Kamali,1185,BehroozKamali.214@gmail.com,9659674512
40,4017384792,Farangis,Heidari,1777,Farangis.Heidari.589@gmail.com,9231422917
41,4028142638,Hasti,Ahmadi,4760,Hasti.Ahmadi.722@gmail.com,9224729398
42,4028355164,Mohammad,Mirzaei,6485,MohammadMirzaei768@gmail.com,9466427186
43,4028011630,Setare,Farzaneh,4696,Setare.Farzaneh430@gmail.com,9861640749
44,4012273161,Chavosh,Khosravi,5580,ChavoshKhosravi420@gmail.com,9610092307
45,4014243447,Mahdiyar,Amiri,3469,Mahdiyar.Amiri.449@gmail.com,9748473571
46,4017096346,Merhrdad,Momeni,8684,Merhrdad.Momeni717@gmail.com,9533681578
47,4030559871,Simin,Ramezani,3855,Simin.Ramezani359@gmail.com,9430675307
48,4028646786,Neda,Rahimi,4440,NedaRahimi.821@gmail.com,9750041630
49,4037650807,Amir,Amiri,1758,AmirAmiri.667@gmail.com,9328562768
50,4017667068,Rezvan,Mirzaei,6852,Rezvan.Mirzaei.748@gmail.com,9631002351
51,4027927159,Amin,Kazemi,6438,Amin.Kazemi285@gmail.com,9932493245
52,4011287222,Mina,Mirzaei,6165,MinaMirzaei102@gmail.com,9482120480
53,4028005229,Chavosh,Mirzaei,5870,ChavoshMirzaei258@gmail.com,9194425736
54,4031139372,Mahdiyar,Bagheri,9044,Mahdiyar.Bagheri.880@gmail.com,9519378397
55,4025277104,Farnoosh,Ahmadi,7356,Farnoosh.Ahmadi.366@gmail.com,9352861001
56,4017835797,Sajedeh,Maleki,8892,SajedehMaleki521@gmail.com,9646580352
57,4013375759,Mahdiyar,Kamali,2663,Mahdiyar.Kamali.154@gmail.com,9118753843
58,4016731981,Bahram,Hatami,7669,Bahram.Hatami.487@gmail.com,9187140343
59,4012261233,Amir Hossein,Akbari,9280,Amir Hossein.Akbari166@gmail.com,9867913131
60,4018081232,Niloofar,Kazemi,4862,NiloofarKazemi.633@gmail.com,9785628203
61,4038762484,Mina,Hashemi,8609,MinaHashemi263@gmail.com,9784205270
62,4028272495,Reza,Ahmadi,1678,Reza.Ahmadi.459@gmail.com,9507280273
63,4011054293,Gholam,Hatami,7963,GholamHatami313@gmail.com,9853867536
64,4011518860,Behrooz,Farhadi,6319,BehroozFarhadi.449@gmail.com,9796089423
65,4037282945,Soheila,Mirzaei,2795,SoheilaMirzaei610@gmail.com,9185786112
66,4035077420,Shahram,Esmaeili,4682,ShahramEsmaeili.974@gmail.com,9816394905
67,4037457913,Farangis,Tehrani,2834,FarangisTehrani.740@gmail.com,9111670857
68,4036772094,Kiana,Rahimi,1500,KianaRahimi.453@gmail.com,9199749900
69,4012968460,Bagher,Rostami,8207,BagherRostami236@gmail.com,9366850266
70,4033347025,Shahin,Moodi,5930,Shahin.Moodi.718@gmail.com,9886112530
71,4019937563,Firooze,Hatami,1476,FiroozeHatami.536@gmail.com,9773914952
72,4039391082,Mina,Kazemi,7634,Mina.Kazemi766@gmail.com,9398488345
73,4024080114,Pirooz,Tehrani,2703,Pirooz.Tehrani105@gmail.com,9368505083
74,4031994102,Pirooz,Sharifi,8520,PiroozSharifi.689@gmail.com,9738139288
75,4030243568,Setare,Ebrahimi,5119,Setare.Ebrahimi.487@gmail.com,9343389925
76,4028033638,Sajedeh,Amiri,7172,Sajedeh.Amiri346@gmail.com,9877333160
77,4025953081,Mina,Nazeri,1072,Mina.Nazeri.556@gmail.com,9102384448
78,4023491373,Soheila,Bagheri,2009,SoheilaBagheri384@gmail.com,9158421874
79,4033409130,Setare,Kamali,3565,Setare.Kamali883@gmail.com,9814194540
80,4010902908,Soheila,Amini,1514,SoheilaAmini.378@gmail.com,9651918464
81,4025265299,Merhrdad,Kamali,6233,MerhrdadKamali.231@gmail.com,9494007946
82,4017303571,Bahram,Amiri,6961,BahramAmiri190@gmail.com,9846273112
83,4038500201,Reza,Hedayati,1590,Reza.Hedayati383@gmail.com,9828400519
84,4028853711,Farangis,Taheri,3751,Farangis.Taheri.190@gmail.com,9716399647
85,4016600225,Fatemeh,Kamali,6440,Fatemeh.Kamali.930@gmail.com,9465067631
86,4013850031,Farangis,Mahdavi,7495,Farangis.Mahdavi.990@gmail.com,9506952590
87,4038019782,Firooze,Nazeri,8347,FiroozeNazeri572@gmail.com,9696067356
88,4015323864,Gholam,Ebrahimi,5561,GholamEbrahimi.575@gmail.com,9136973484
89,4030808439,Amir Hossein,Shafiei,2114,Amir Hossein.Shafiei.313@gmail.com,9987857663
90,4010431430,Amir,Heidari,2511,Amir.Heidari.443@gmail.com,9762342954
91,4023724372,Reza,Bagheri,4724,Reza.Bagheri.299@gmail.com,9455956048
92,4033969156,Fatemeh,Amiri,1088,Fatemeh.Amiri967@gmail.com,9414384605
93,4036784875,Bita,Nazeri,5063,Bita.Nazeri.784@gmail.com,9806856933
94,4027560525,Amir,Moodi,8806,AmirMoodi573@gmail.com,9384630762
95,4028910430,Amin,Ghasemi,5068,AminGhasemi.134@gmail.com,9906351181
96,4027073708,Sina,Mahdavi,9455,Sina.Mahdavi713@gmail.com,9126924700
97,4032577448,Bahram,Ghasemi,3161,Bahram.Ghasemi.787@gmail.com,9311101983
98,4039090986,Gholam,Ghaffari,6798,GholamGhaffari.824@gmail.com,9792595082
99,4018068564,Behrooz,Amiri,2212,Behrooz.Amiri275@gmail.com,9320295487
100,4019696486,Shahin,Shafiei,6068,ShahinShafiei.765@gmail.com,9110971488
101,4021679723,Firooze,Amiri,1886,FiroozeAmiri.201@gmail.com,9454913784
102,4036684737,Ali,Amini,7815,Ali.Amini.437@gmail.com,9217952898
103,4035498411,Hossein,Tehrani,8472,HosseinTehrani.727@gmail.com,9707812535
104,4020480363,Amin,Farhadi,6540,Amin.Farhadi.607@gmail.com,9477413178
105,4027969963,Mohsen,Jafari,2231,Mohsen.Jafari.691@gmail.com,9838490359
106,4028560286,Amin,Ahmadi,5752,Amin.Ahmadi224@gmail.com,9366676742
107,4019495079,Shahriar,Momeni,8301,Shahriar.Momeni.996@gmail.com,9441255531
108,4026447552,Soheil,Nazeri,8548,SoheilNazeri.523@gmail.com,9717917308
109,4029172228,Amir Hossein,Mahdavi,5628,Amir Hossein.Mahdavi.384@gmail.com,9552180449
110,4039023690,Rezvan,Ramezani,7759,RezvanRamezani.953@gmail.com,9890087495
111,4017324276,Mahdiyar,Ahmadi,6761,MahdiyarAhmadi.989@gmail.com,9425691220
112,4016797050,Hasti,Esmaeili,9701,Hasti.Esmaeili.139@gmail.com,9948998580
113,4016356024,Fatemeh,Amini,1983,FatemehAmini.388@gmail.com,9813406225
114,4024580600,Merhrdad,Rostami,9309,Merhrdad.Rostami.977@gmail.com,9472616759
115,4038894966,Soheila,Kamali,7887,SoheilaKamali643@gmail.com,9746462675
116,4030667383,Behrooz,Ghaffari,7381,Behrooz.Ghaffari462@gmail.com,9433060200
117,4015191055,Amir Hossein,Esmaeili,4321,Amir Hossein.Esmaeili.468@gmail.com,9254609486
118,4033695791,Mohsen,Ghaffari,4993,Mohsen.Ghaffari.110@gmail.com,9902946706
119,4019939479,Firooze,Kazemi,5172,FiroozeKazemi795@gmail.com,9665640116
120,4038558774,Mahdiyar,Farhadi,4824,MahdiyarFarhadi.892@gmail.com,9230626865
121,4020283135,Gholam,Sharifi,2880,GholamSharifi881@gmail.com,9499493167
122,4013546602,Niloofar,Fakhri,5743,Niloofar.Fakhri286@gmail.com,9368808993
123,4012872955,Pirooz,Hosseini,4623,Pirooz.Hosseini780@gmail.com,9586167432
124,4017181329,Chavosh,Nikzad,3089,ChavoshNikzad.388@gmail.com,9382019631
125,4029824450,Shahram,Jafari,4331,ShahramJafari.535@gmail.com,9919736517
126,4038261167,Farnoosh,Hatami,8608,FarnooshHatami.590@gmail.com,9527719057
127,4012123645,Mina,Amini,4131,MinaAmini.590@gmail.com,9590585475
128,4037368232,Mohammad,Mahdavi,6861,Mohammad.Mahdavi218@gmail.com,9830183628
129,4034793005,Hasti,Amiri,5166,HastiAmiri385@gmail.com,9693285986
130,4029219252,Hasti,Ghaffari,2783,HastiGhaffari.965@gmail.com,9785130834
131,4027450612,Mohammad,Fakhri,7970,Mohammad.Fakhri.653@gmail.com,9978018746
132,4014603680,Farangis,Jafari,7203,FarangisJafari.426@gmail.com,9185339630
133,4039557167,Shahriar,Khosravi,7590,ShahriarKhosravi.652@gmail.com,9883259611
134,4039783595,Firooze,Ghaffari,7675,FiroozeGhaffari343@gmail.com,9935493653
135,4020478707,Sajjad,Rahimi,7738,SajjadRahimi900@gmail.com,9263843469
136,4027564497,Shahriar,Bagheri,7612,ShahriarBagheri.982@gmail.com,9367804714
137,4020888787,Soheil,Amini,2227,SoheilAmini978@gmail.com,9250299037
138,4036874925,Niloofar,Esfehani,6754,NiloofarEsfehani.216@gmail.com,9527501738
139,4022081969,Mahdiyar,Maleki,2661,Mahdiyar.Maleki.976@gmail.com,9227311343
140,4034505340,Behrooz,Ghasemi,7855,BehroozGhasemi.754@gmail.com,9852250715
141,4027638003,Gholam,Mirzaei,9480,GholamMirzaei.935@gmail.com,9776698157
142,4034910162,Sina,Moodi,4743,SinaMoodi.281@gmail.com,9194503831
143,4035457217,Niloofar,Mahdavi,5258,Niloofar.Mahdavi386@gmail.com,9750192069
144,4037054248,Bahram,Moodi,4298,BahramMoodi.681@gmail.com,9545482181
145,4023274001,Simin,Akbari,6179,SiminAkbari136@gmail.com,9962821325
146,4033022926,Neda,Amiri,7481,Neda.Amiri.939@gmail.com,9620828854
147,4028993237,Fatemeh,Nikzad,7957,Fatemeh.Nikzad702@gmail.com,9108145964
148,4022309150,Amir Hossein,Moodi,6502,Amir HosseinMoodi.527@gmail.com,9975185801
149,4026803512,Marzieh,Bagheri,2331,MarziehBagheri.435@gmail.com,9831468561
150,4036171640,Niloofar,Sharifi,3233,NiloofarSharifi177@gmail.com,9615496304
151,4020659743,Neda,Azizi,6102,Neda.Azizi.409@gmail.com,9641473561
152,4027926525,Farangis,Akbari,4082,Farangis.Akbari109@gmail.com,9189750356
153,4028506835,Niloofar,Nikzad,4236,NiloofarNikzad.642@gmail.com,9970762269
154,4017336704,Sajjad,Fakhri,7646,SajjadFakhri.371@gmail.com,9259643403
155,4033696416,Soheila,Momeni,2395,SoheilaMomeni493@gmail.com,9397050180
156,4016550852,Sina,Mirzaei,8726,SinaMirzaei.113@gmail.com,9363112480
157,4031674867,Soheil,Moodi,6853,Soheil.Moodi.278@gmail.com,9564644149
158,4023932827,Bita,Ghasemi,4048,BitaGhasemi.282@gmail.com,9761276824
159,4039607535,Mahdiyar,Akbari,4212,Mahdiyar.Akbari554@gmail.com,9501067382
160,4023319659,Shahriar,Kazemi,7326,Shahriar.Kazemi.866@gmail.com,9278855571
161,4032184023,Marzieh,Nazeri,9166,MarziehNazeri.724@gmail.com,9683819855
162,4033909826,Amir Hossein,Jafari,9606,Amir HosseinJafari666@gmail.com,9514712279
163,4010592277,Marzieh,Rahimi,1171,MarziehRahimi.542@gmail.com,9209379036
164,4028469010,Mohammad Reza,Amiri,5549,Mohammad RezaAmiri.358@gmail.com,9752676491
165,4033245064,Sajjad,Sharifi,1411,Sajjad.Sharifi360@gmail.com,9290180186
166,4013896734,Mohammad Reza,Nazeri,9127,Mohammad Reza.Nazeri.860@gmail.com,9695128522
167,4016422253,Gholam,Rahimi,7964,GholamRahimi800@gmail.com,9163654237
168,4018894744,Gholam,Nikzad,3099,GholamNikzad.318@gmail.com,9617697980
169,4021273832,Marzieh,Shafiei,9652,Marzieh.Shafiei330@gmail.com,9356975596
170,4011867261,Behrooz,Fakhri,8626,Behrooz.Fakhri219@gmail.com,9722973307
171,4038154506,Firooze,Farhadi,2766,Firooze.Farhadi249@gmail.com,9582253405
172,4033427393,Shahriar,Alavi,7184,ShahriarAlavi328@gmail.com,9472534424
173,4025470458,Mohammad,Ghaffari,1095,Mohammad.Ghaffari378@gmail.com,9417793283
174,4026889981,Farangis,Amiri,7528,FarangisAmiri.353@gmail.com,9907305046
175,4010056609,Amin,Ghaffari,9287,AminGhaffari290@gmail.com,9496446739
176,4026781929,Behrooz,Rostami,4937,BehroozRostami206@gmail.com,9150960315
177,4034752295,Hossein,Esmaeili,4270,HosseinEsmaeili959@gmail.com,9817878762
178,4038944170,Mahdiyar,Farzaneh,1532,Mahdiyar.Farzaneh526@gmail.com,9575479649
179,4035594530,Shahin,Ebrahimi,6084,ShahinEbrahimi.609@gmail.com,9936388779
180,4027941907,Ali,Rahimi,1415,AliRahimi535@gmail.com,9386167970
181,4017423208,Neda,Shafiei,8368,Neda.Shafiei255@gmail.com,9936329861
182,4019673613,Fatemeh,Esmaeili,6947,Fatemeh.Esmaeili.878@gmail.com,9290420112
183,4032310641,Bita,Shafiei,8043,Bita.Shafiei469@gmail.com,9964132303
184,4034726284,Sajjad,Hashemi,1020,Sajjad.Hashemi.682@gmail.com,9236489092
185,4031752869,Kian,Farhadi,6519,Kian.Farhadi.921@gmail.com,9213236467
186,4029037746,Amir,Akbari,7713,Amir.Akbari691@gmail.com,9444160057
187,4031858137,Mahdiyar,Azizi,6866,MahdiyarAzizi.159@gmail.com,9472138649
188,4030939659,Fatemeh,Rahimi,1921,Fatemeh.Rahimi811@gmail.com,9397040591
189,4029769617,Amin,Fakhri,1163,AminFakhri378@gmail.com,9673801941
190,4030224260,Shahriar,Tehrani,2498,Shahriar.Tehrani.271@gmail.com,9288245222
191,4018791034,Sajedeh,Farhadi,2807,Sajedeh.Farhadi610@gmail.com,9841815127
192,4017334727,Kiana,Farrokhi,9526,Kiana.Farrokhi.100@gmail.com,9200828918
193,4022669302,Farnoosh,Maleki,9489,Farnoosh.Maleki.167@gmail.com,9938224895
194,4013670914,Bita,Ramezani,5621,BitaRamezani356@gmail.com,9649908149
195,4038135350,Mohammad Reza,Maleki,4814,Mohammad Reza.Maleki.331@gmail.com,9722495576
196,4031224497,Mina,Momeni,5584,Mina.Momeni.573@gmail.com,9322944305
197,4017861133,Shahram,Tehrani,1904,Shahram.Tehrani267@gmail.com,9871082036
198,4026826922,Behrooz,Hosseini,7125,Behrooz.Hosseini302@gmail.com,9826957228
199,4012127108,Shahin,Momeni,7540,Shahin.Momeni233@gmail.com,9704794123
200,4032738361,Kian,Hedayati,2399,Kian.Hedayati328@gmail.com,9731543018
201,4015697321,Sajedeh,Jafari,1811,Sajedeh.Jafari.754@gmail.com,9698530558
202,4032244191,Mohammad Reza,Kazemi,7738,Mohammad RezaKazemi.190@gmail.com,9332325823
203,4036128833,Chavosh,Amiri,6258,ChavoshAmiri141@gmail.com,9468805191
204,4039063388,Kian,Fakhri,1666,KianFakhri182@gmail.com,9943681616
205,4017704358,Bahram,Tehrani,4011,Bahram.Tehrani.222@gmail.com,9241594660
206,4022352936,Merhrdad,Hatami,5372,Merhrdad.Hatami526@gmail.com,9741112115
207,4022860511,Mohammad,Kazemi,6734,Mohammad.Kazemi496@gmail.com,9958993509
208,4030830713,Mahdiyar,Fakhri,2967,MahdiyarFakhri.807@gmail.com,9762171601
209,4031978844,Farnoosh,Ghaffari,1724,Farnoosh.Ghaffari349@gmail.com,9714684340
210,4020925585,Mohammad Reza,Farzaneh,1436,Mohammad Reza.Farzaneh.822@gmail.com,9994306667
211,4021966190,Hasti,Heidari,9735,Hasti.Heidari303@gmail.com,9778168188
212,4037367556,Pirooz,Nikzad,6795,Pirooz.Nikzad.878@gmail.com,9784088896
213,4011192508,Hasti,Shafiei,5322,Hasti.Shafiei.105@gmail.com,9702946685
214,4031342563,Shahram,Taheri,6848,Shahram.Taheri591@gmail.com,9107333584
215,4016869940,Hossein,Rahimi,9840,HosseinRahimi.288@gmail.com,9606644293
216,4027172399,Sajjad,Ramezani,2123,Sajjad.Ramezani.514@gmail.com,9770692488
217,4017897648,Niloofar,Amini,3726,NiloofarAmini.909@gmail.com,9935806718
218,4016405643,Bahram,Hosseini,3499,BahramHosseini.456@gmail.com,9106343002
219,4021000472,Firooze,Khosravi,4202,FiroozeKhosravi555@gmail.com,9302280782
220,4038861626,Shahram,Ebrahimi,7154,Shahram.Ebrahimi.603@gmail.com,9502460859
221,4025848558,Fatemeh,Mirzaei,4330,FatemehMirzaei840@gmail.com,9928833713
222,4033226015,Mina,Kamali,6686,Mina.Kamali.348@gmail.com,9751372433
223,4023587340,Kian,Momeni,5652,Kian.Momeni739@gmail.com,9361242247
224,4018463504,Chavosh,Tehrani,1759,ChavoshTehrani799@gmail.com,9268681141
225,4034788229,Soheil,Hatami,4840,SoheilHatami.553@gmail.com,9372585502
226,4028946730,Chavosh,Hedayati,7546,ChavoshHedayati472@gmail.com,9752989807
227,4035257781,Amir,Hashemi,4867,Amir.Hashemi982@gmail.com,9589785489
228,4030601193,Shahin,Farzaneh,2356,ShahinFarzaneh732@gmail.com,9697657904
229,4022338879,Bahram,Mirzaei,2141,BahramMirzaei806@gmail.com,9642154796
230,4015137463,Hasti,Esfehani,5994,HastiEsfehani769@gmail.com,9544660478
231,4036439782,Reza,Moodi,8957,RezaMoodi.907@gmail.com,9511342838
232,4024293851,Shahriar,Mahdavi,3452,ShahriarMahdavi.425@gmail.com,9940666456
233,4032593178,Gholam,Kamali,9047,GholamKamali.696@gmail.com,9719645559
234,4038757314,Chavosh,Ghaffari,4472,Chavosh.Ghaffari753@gmail.com,9343924044
235,4018473573,Kiana,Heidari,7785,Kiana.Heidari716@gmail.com,9692140606
236,4028996090,Farangis,Shafiei,3161,FarangisShafiei.746@gmail.com,9119674512
237,4027785471,Marzieh,Esfehani,5988,Marzieh.Esfehani569@gmail.com,9383499981
238,4031264233,Niloofar,Moodi,6949,NiloofarMoodi812@gmail.com,9955609934
239,4020218035,Mina,Bagheri,7868,MinaBagheri980@gmail.com,9185435134
240,4021348277,Bita,Alavi,4050,BitaAlavi.143@gmail.com,9233322178
241,4021781713,Soheil,Fakhri,4690,SoheilFakhri669@gmail.com,9268211080
242,4032532183,Niloofar,Ebrahimi,1668,Niloofar.Ebrahimi162@gmail.com,9533715599
243,4032702038,Mohammad Reza,Hedayati,9205,Mohammad RezaHedayati.418@gmail.com,9339628139
244,4035030294,Marzieh,Amiri,2285,MarziehAmiri845@gmail.com,9278045598
245,4018310598,Gholam,Akbari,9754,GholamAkbari134@gmail.com,9740673743
246,4029801660,Mahdiyar,Momeni,7091,MahdiyarMomeni142@gmail.com,9873406016
247,4034739236,Mohammad Reza,Ghaffari,5741,Mohammad Reza.Ghaffari871@gmail.com,9688646997
248,4036966387,Rezvan,Esmaeili,9330,RezvanEsmaeili715@gmail.com,9601310037
249,4037342822,Kiana,Maleki,9234,Kiana.Maleki.536@gmail.com,9655446401
250,4029925755,Mohsen,Hedayati,3629,Mohsen.Hedayati.134@gmail.com,9414327338
251,4010540361,Mohammad Reza,Bagheri,3055,Mohammad RezaBagheri970@gmail.com,9936700127
252,4035222184,Niloofar,Ramezani,1843,NiloofarRamezani.157@gmail.com,9295010311
253,4015623647,Setare,Sharifi,1746,SetareSharifi.579@gmail.com,9607359251
254,4028867590,Soheila,Farzaneh,8241,Soheila.Farzaneh.555@gmail.com,9799230315
255,4014262724,Soheil,Khosravi,9579,Soheil.Khosravi560@gmail.com,9773592793
256,4015748847,Reza,Heidari,6514,RezaHeidari718@gmail.com,9455132972
257,4010999899,Reza,Alavi,4778,RezaAlavi754@gmail.com,9112146993
258,4033392917,Rezvan,Ahmadi,2833,Rezvan.Ahmadi.112@gmail.com,9113112354
259,4034922037,Shahram,Hatami,3005,ShahramHatami.386@gmail.com,9719096690
260,4027605844,Neda,Nikzad,6441,NedaNikzad231@gmail.com,9855564241
261,4039745996,Amir Hossein,Fakhri,9485,Amir HosseinFakhri.406@gmail.com,9964303808
262,4020573591,Ali,Jafari,8272,Ali.Jafari.321@gmail.com,9621906933
263,4026938116,Mohsen,Moodi,8612,Mohsen.Moodi436@gmail.com,9846050655
264,4016679525,Chavosh,Kazemi,5140,Chavosh.Kazemi.542@gmail.com,9800107330
265,4011514481,Marzieh,Hosseini,4881,MarziehHosseini.425@gmail.com,9526326084
266,4012203302,Mina,Taheri,4904,Mina.Taheri872@gmail.com,9699189440
267,4024639981,Soheila,Ramezani,8466,Soheila.Ramezani920@gmail.com,9395880776
268,4017435112,Neda,Farhadi,1852,Neda.Farhadi126@gmail.com,9152488066
269,4019725362,Behrooz,Ebrahimi,7833,Behrooz.Ebrahimi.864@gmail.com,9181564738
270,4028932076,Sina,Azizi,6130,Sina.Azizi653@gmail.com,9980705944
271,4014837356,Bagher,Mirzaei,4937,Bagher.Mirzaei918@gmail.com,9195693828
272,4036321523,Ali,Bagheri,1752,Ali.Bagheri.558@gmail.com,9657309756
273,4017552499,Soheil,Farrokhi,8722,Soheil.Farrokhi.148@gmail.com,9549563435
274,4013950140,Amir Hossein,Khosravi,3455,Amir Hossein.Khosravi.763@gmail.com,9245038960
275,4024678154,Bita,Heidari,4736,BitaHeidari.309@gmail.com,9245756469
276,4021195564,Bahram,Hedayati,1431,Bahram.Hedayati.122@gmail.com,9837776175
277,4015506393,Reza,Khosravi,6340,RezaKhosravi.686@gmail.com,9317103223
278,4029956530,Behrooz,Esfehani,4006,BehroozEsfehani984@gmail.com,9346915225
279,4029008952,Behrooz,Ahmadi,3211,Behrooz.Ahmadi.264@gmail.com,9379109074
280,4020952595,Reza,Jafari,3847,Reza.Jafari605@gmail.com,9978891928
281,4011240057,Mohammad,Moodi,6862,MohammadMoodi281@gmail.com,9518896602
282,4010250502,Shahriar,Rostami,6199,Shahriar.Rostami290@gmail.com,9128626404
283,4038312377,Hasti,Momeni,9998,Hasti.Momeni587@gmail.com,9156318670
284,4021732737,Sajjad,Shafiei,7135,SajjadShafiei.143@gmail.com,9753249276
285,4019299040,Soheila,Taheri,4127,SoheilaTaheri259@gmail.com,9312122410
286,4020932085,Shahin,Hatami,4922,ShahinHatami320@gmail.com,9900980519
287,4027440479,Hasti,Alavi,1445,Hasti.Alavi.979@gmail.com,9649861172
288,4012774695,Shahram,Shafiei,7501,Shahram.Shafiei190@gmail.com,9512393323
289,4011658055,Marzieh,Ebrahimi,1529,Marzieh.Ebrahimi.737@gmail.com,9728914039
290,4039870160,Setare,Nikzad,3239,Setare.Nikzad.297@gmail.com,9461893185
291,4025700597,Amir Hossein,Bagheri,2060,Amir HosseinBagheri251@gmail.com,9366917968
292,4039688305,Soheil,Azizi,7376,SoheilAzizi.570@gmail.com,9942751187
293,4010232560,Bita,Ahmadi,4034,Bita.Ahmadi.348@gmail.com,9990368765
294,4021385458,Bita,Amini,3544,BitaAmini.592@gmail.com,9277577158
295,4014548567,Mohsen,Rostami,3782,MohsenRostami.819@gmail.com,9930762426
296,4035329735,Amir,Ramezani,1356,Amir.Ramezani.790@gmail.com,9624098356
297,4031678104,Shahriar,Moodi,9738,ShahriarMoodi470@gmail.com,9177435975
298,4033072229,Hasti,Hosseini,8411,HastiHosseini.759@gmail.com,9174647403
299,4037437814,Mohammad Reza,Shafiei,6586,Mohammad RezaShafiei364@gmail.com,9987068325
300,4010063450,Sajedeh,Akbari,5503,Sajedeh.Akbari642@gmail.com,9885792626
301,4024813749,Soheila,Sharifi,3040,SoheilaSharifi.570@gmail.com,9281379220
302,4012249762,Hasti,Kazemi,9027,HastiKazemi468@gmail.com,9805571107
303,4023653001,Sina,Akbari,3957,SinaAkbari460@gmail.com,9575064467
304,4026084883,Merhrdad,Alavi,5971,MerhrdadAlavi.876@gmail.com,9701895042
305,4017052532,Hasti,Hedayati,3062,Hasti.Hedayati410@gmail.com,9852898531
306,4039605321,Mohammad,Heidari,4485,Mohammad.Heidari.181@gmail.com,9698996573
307,4021511492,Sajjad,Farhadi,9614,SajjadFarhadi.394@gmail.com,9751738027
308,4017677089,Hasti,Hashemi,8371,HastiHashemi.949@gmail.com,9979271920
309,4017095823,Simin,Shafiei,5156,SiminShafiei266@gmail.com,9528187080
310,4023441925,Sina,Jafari,3824,SinaJafari.703@gmail.com,9571638201
311,4022849020,Soheil,Ghasemi,1721,SoheilGhasemi564@gmail.com,9197286552
312,4035054165,Pirooz,Momeni,7768,PiroozMomeni.271@gmail.com,9369704761
313,4034122049,Mahdiyar,Kazemi,8004,MahdiyarKazemi.288@gmail.com,9218822239
314,4031610822,Shahram,Heidari,8658,Shahram.Heidari962@gmail.com,9623377489
315,4028024277,Bita,Ghaffari,2965,Bita.Ghaffari634@gmail.com,9298652065
316,4029790972,Mohammad Reza,Tehrani,7211,Mohammad Reza.Tehrani.328@gmail.com,9203082947
317,4029266428,Mohammad,Nazeri,3485,MohammadNazeri122@gmail.com,9357089391
318,4037176030,Shahram,Mirzaei,1865,Shahram.Mirzaei.524@gmail.com,9218911848
319,4019544422,Reza,Farrokhi,8334,Reza.Farrokhi678@gmail.com,9299027746
320,4029311242,Bagher,Alavi,9537,Bagher.Alavi215@gmail.com,9795810953
321,4035753550,Shahriar,Heidari,5954,ShahriarHeidari.678@gmail.com,9880269017
322,4012940197,Amir,Tehrani,1468,AmirTehrani.889@gmail.com,9947178863
323,4011423589,Mohammad Reza,Hosseini,6517,Mohammad RezaHosseini.150@gmail.com,9203541089
324,4028985288,Neda,Heidari,7769,Neda.Heidari.541@gmail.com,9627346729
325,4015405162,Bita,Hosseini,4885,BitaHosseini216@gmail.com,9916889407
326,4032079003,Merhrdad,Amiri,1559,Merhrdad.Amiri.143@gmail.com,9650863567
327,4031339151,Amin,Nazeri,4727,Amin.Nazeri290@gmail.com,9607638970
328,4012798358,Bita,Moodi,6850,BitaMoodi136@gmail.com,9417042071
329,4030540001,Hasti,Azizi,2750,HastiAzizi.168@gmail.com,9335452435
330,4012626021,Firooze,Farrokhi,6543,FiroozeFarrokhi329@gmail.com,9751684194
331,4037871843,Hasti,Nikzad,2057,HastiNikzad146@gmail.com,9761372462
332,4039445874,Ali,Azizi,5262,Ali.Azizi.709@gmail.com,9999475147
333,4014822928,Simin,Farrokhi,2033,SiminFarrokhi474@gmail.com,9381681565
334,4016838364,Hossein,Maleki,2192,HosseinMaleki.299@gmail.com,9727930241
335,4035820856,Mohsen,Momeni,3898,MohsenMomeni224@gmail.com,9852005522
336,4016211513,Mahdiyar,Mirzaei,1075,Mahdiyar.Mirzaei.206@gmail.com,9641415879
337,4024031967,Fatemeh,Esfehani,4058,Fatemeh.Esfehani.146@gmail.com,9284828047
338,4016168935,Pirooz,Bagheri,1315,Pirooz.Bagheri.627@gmail.com,9279697603
339,4018290572,Fatemeh,Sharifi,3389,Fatemeh.Sharifi.199@gmail.com,9125697621
340,4017876326,Rezvan,Amiri,5035,RezvanAmiri840@gmail.com,9111720556
341,4032493868,Sajjad,Ebrahimi,6858,Sajjad.Ebrahimi126@gmail.com,9943504933
342,4016727207,Ali,Ghaffari,2973,Ali.Ghaffari206@gmail.com,9996279886
343,4030766129,Neda,Bagheri,3905,Neda.Bagheri275@gmail.com,9953490745
344,4026511195,Mohsen,Nikzad,3189,Mohsen.Nikzad.198@gmail.com,9759244452
345,4030110649,Shahin,Maleki,1585,Shahin.Maleki.258@gmail.com,9258168636
346,4018671564,Mohsen,Amiri,6274,MohsenAmiri.858@gmail.com,9596361695
347,4024236685,Amir Hossein,Esfehani,9152,Amir Hossein.Esfehani927@gmail.com,9650924900
348,4036620764,Mohsen,Alavi,2914,Mohsen.Alavi.454@gmail.com,9556679735
349,4028924552,Sajedeh,Hashemi,2093,SajedehHashemi867@gmail.com,9818854961
350,4012357514,Hasti,Jafari,9939,HastiJafari278@gmail.com,9678465964
351,4025890872,Sajjad,Amiri,1045,Sajjad.Amiri302@gmail.com,9218795519
352,4019440104,Kiana,Hedayati,7798,KianaHedayati891@gmail.com,9931798643
353,4011427529,Shahriar,Amini,4369,ShahriarAmini100@gmail.com,9908469881
354,4014006660,Chavosh,Moodi,9093,ChavoshMoodi.125@gmail.com,9363102510
355,4013217373,Farnoosh,Hedayati,1051,FarnooshHedayati784@gmail.com,9808445657
356,4015441628,Bita,Momeni,4184,Bita.Momeni.793@gmail.com,9153407261
357,4039187000,Soheila,Khosravi,3293,SoheilaKhosravi.778@gmail.com,9318767461
358,4017277033,Kiana,Ramezani,3432,KianaRamezani958@gmail.com,9749161996
359,4025371268,Shahriar,Shafiei,1624,Shahriar.Shafiei732@gmail.com,9512024903
360,4011605839,Gholam,Kazemi,2416,Gholam.Kazemi765@gmail.com,9200649157
361,4032029830,Shahin,Fakhri,5617,ShahinFakhri.261@gmail.com,9364950440
362,4034213881,Reza,Hatami,4427,RezaHatami.839@gmail.com,9572387079
363,4032724194,Marzieh,Mahdavi,9541,Marzieh.Mahdavi733@gmail.com,9168881117
364,4013533187,Merhrdad,Taheri,2021,Merhrdad.Taheri.764@gmail.com,9744069746
365,4028423699,Simin,Amini,9129,Simin.Amini706@gmail.com,9795926278
366,4012707520,Bahram,Amini,9645,Bahram.Amini.473@gmail.com,9713729909
367,4015772181,Bagher,Tehrani,8503,BagherTehrani348@gmail.com,9103973690
368,4031307878,Hossein,Amiri,4775,Hossein.Amiri.447@gmail.com,9805566696
369,4026687812,Mohsen,Akbari,2706,Mohsen.Akbari726@gmail.com,9912439390
370,4024530125,Rezvan,Amini,2509,Rezvan.Amini536@gmail.com,9571617603
371,4020958779,Ali,Kamali,4706,Ali.Kamali.217@gmail.com,9919295122
372,4033266205,Marzieh,Heidari,6325,MarziehHeidari.467@gmail.com,9748027074
373,4012757812,Gholam,Amini,5576,Gholam.Amini614@gmail.com,9768960990
374,4018370737,Fatemeh,Nazeri,2608,FatemehNazeri.574@gmail.com,9229428470
375,4035811458,Hossein,Akbari,2847,Hossein.Akbari637@gmail.com,9562768265
376,4010383879,Neda,Kazemi,7726,NedaKazemi.265@gmail.com,9325100968
377,4032862701,Neda,Alavi,6837,Neda.Alavi859@gmail.com,9205341290
378,4020028857,Sina,Alavi,8313,SinaAlavi266@gmail.com,9564186071
379,4015173385,Marzieh,Fakhri,5554,MarziehFakhri.463@gmail.com,9788697811
380,4012215682,Niloofar,Farrokhi,7281,Niloofar.Farrokhi621@gmail.com,9918026442
381,4037900842,Kian,Hosseini,8839,KianHosseini494@gmail.com,9892759459
382,4025145051,Amir,Azizi,7639,AmirAzizi173@gmail.com,9835213385
383,4020699786,Farnoosh,Moodi,4499,FarnooshMoodi858@gmail.com,9136528614
384,4038574023,Mohsen,Rahimi,6731,Mohsen.Rahimi.172@gmail.com,9959726897
385,4023774232,Gholam,Moodi,9507,GholamMoodi889@gmail.com,9576095531
386,4025606100,Mina,Ahmadi,8545,MinaAhmadi953@gmail.com,9520011968
387,4034798058,Neda,Maleki,2930,Neda.Maleki106@gmail.com,9550001746
388,4027048145,Niloofar,Kamali,8123,Niloofar.Kamali773@gmail.com,9375711013
389,4018316743,Marzieh,Azizi,7545,MarziehAzizi148@gmail.com,9635417497
390,4025008309,Mina,Jafari,7105,Mina.Jafari619@gmail.com,9620703662
391,4039367944,Bagher,Amini,3077,BagherAmini.532@gmail.com,9218829305
392,4025838949,Sina,Hosseini,2756,Sina.Hosseini198@gmail.com,9356841406
393,4032327507,Pirooz,Ramezani,4863,Pirooz.Ramezani633@gmail.com,9880328737
394,4025362329,Simin,Taheri,1005,SiminTaheri.204@gmail.com,9539427460
395,4026374417,Mina,Farrokhi,8499,Mina.Farrokhi269@gmail.com,9982824270
396,4038504789,Setare,Hedayati,9160,Setare.Hedayati.935@gmail.com,9122134171
397,4022936023,Rezvan,Bagheri,2787,Rezvan.Bagheri591@gmail.com,9588738139
398,4030524741,Amir,Nikzad,5066,AmirNikzad.977@gmail.com,9760790499
399,4017870042,Sajjad,Mahdavi,3846,Sajjad.Mahdavi.432@gmail.com,9447189662
400,4033301487,Mohammad Reza,Rostami,5421,Mohammad RezaRostami.559@gmail.com,9120980486
401,4033051920,Farangis,Momeni,8161,FarangisMomeni.143@gmail.com,9881814349
402,4038224584,Amir,Esfehani,6937,AmirEsfehani.242@gmail.com,9105437543
403,4010589577,Amir,Farrokhi,9679,AmirFarrokhi225@gmail.com,9416396842
404,4037822233,Bahram,Ebrahimi,6278,BahramEbrahimi.133@gmail.com,9898818240
405,4035971225,Mina,Rahimi,3518,MinaRahimi667@gmail.com,9971171042
406,4030144929,Sajedeh,Hatami,5809,Sajedeh.Hatami520@gmail.com,9111610370
407,4029848284,Chavosh,Taheri,5215,ChavoshTaheri.310@gmail.com,9607708724
408,4038098408,Soheil,Momeni,3776,Soheil.Momeni791@gmail.com,9737686488
409,4032892536,Firooze,Mahdavi,8130,Firooze.Mahdavi923@gmail.com,9936140739
410,4012420051,Simin,Rahimi,2161,Simin.Rahimi680@gmail.com,9976798292
411,4030224046,Amir,Farhadi,3554,AmirFarhadi.120@gmail.com,9398610820
412,4018373801,Amir Hossein,Heidari,5463,Amir HosseinHeidari200@gmail.com,9836760152
413,4023094628,Kiana,Hosseini,1908,KianaHosseini430@gmail.com,9976453730
414,4030091995,Chavosh,Esfehani,5309,ChavoshEsfehani.985@gmail.com,9108322099
415,4024732180,Gholam,Heidari,2478,GholamHeidari311@gmail.com,9974059184
416,4037206757,Setare,Farrokhi,1148,SetareFarrokhi258@gmail.com,9595167671
417,4011186379,Bita,Hatami,9224,BitaHatami.589@gmail.com,9289264819
418,4026005816,Hasti,Amini,8469,HastiAmini.411@gmail.com,9103330681
419,4020048077,Behrooz,Farrokhi,6690,Behrooz.Farrokhi275@gmail.com,9218934070
420,4016890639,Kiana,Hashemi,8251,Kiana.Hashemi.772@gmail.com,9344449162
421,4024488793,Ali,Hashemi,5944,Ali.Hashemi.174@gmail.com,9659734761
422,4034019182,Bahram,Rahimi,2773,BahramRahimi389@gmail.com,9411259292
423,4013427759,Farnoosh,Kazemi,1500,FarnooshKazemi.814@gmail.com,9580009528
424,4022931838,Hasti,Fakhri,1189,HastiFakhri.813@gmail.com,9516306877
425,4036652552,Farangis,Rahimi,1373,FarangisRahimi103@gmail.com,9140970570
426,4032502716,Farnoosh,Heidari,3446,FarnooshHeidari786@gmail.com,9378809067
427,4012302877,Amir,Rostami,9460,Amir.Rostami.739@gmail.com,9899440937
428,4036718826,Sajedeh,Azizi,7903,Sajedeh.Azizi.138@gmail.com,9436079453
429,4039184737,Niloofar,Hedayati,4141,NiloofarHedayati483@gmail.com,9579907030
430,4023741732,Bagher,Nikzad,5222,Bagher.Nikzad759@gmail.com,9717876784
431,4018190323,Behrooz,Hedayati,3542,BehroozHedayati664@gmail.com,9411851160
432,4016039028,Kian,Bagheri,8497,Kian.Bagheri.493@gmail.com,9558140410
433,4016016799,Farnoosh,Ghasemi,8243,Farnoosh.Ghasemi.548@gmail.com,9693227047
434,4037204721,Ali,Moodi,1009,Ali.Moodi893@gmail.com,9671526475
435,4033775725,Mina,Ghasemi,5077,MinaGhasemi469@gmail.com,9327886650
436,4013134621,Amir,Jafari,2320,AmirJafari.727@gmail.com,9865735134
437,4017615788,Shahram,Kazemi,1437,Shahram.Kazemi.106@gmail.com,9806449027
438,4024019724,Hossein,Fakhri,3901,Hossein.Fakhri.989@gmail.com,9844661062
439,4020803127,Mohammad Reza,Esfehani,8982,Mohammad RezaEsfehani.748@gmail.com,9749470434
440,4037167067,Behrooz,Akbari,3079,Behrooz.Akbari.760@gmail.com,9933243732
441,4030107356,Sina,Heidari,2719,Sina.Heidari.307@gmail.com,9706062045
442,4017949369,Farnoosh,Farhadi,9307,Farnoosh.Farhadi104@gmail.com,9299131834
443,4031230954,Amir,Ahmadi,1004,Amir.Ahmadi.669@gmail.com,9575424271
444,4013279525,Kiana,Ahmadi,1242,Kiana.Ahmadi134@gmail.com,9157721025
445,4023894927,Amir Hossein,Amiri,8879,Amir HosseinAmiri.253@gmail.com,9611466851
446,4034781720,Mohammad,Ramezani,1432,Mohammad.Ramezani.439@gmail.com,9681066801
447,4022246169,Hossein,Farhadi,8759,Hossein.Farhadi894@gmail.com,9567534579
448,4024192282,Gholam,Maleki,2338,GholamMaleki515@gmail.com,9735034362
449,4025107541,Niloofar,Taheri,1832,NiloofarTaheri.475@gmail.com,9609272282
450,4015038285,Soheil,Alavi,9902,Soheil.Alavi.385@gmail.com,9229084203
451,4032331835,Simin,Nikzad,7757,Simin.Nikzad156@gmail.com,9292268036
452,4010089400,Shahriar,Rahimi,9111,Shahriar.Rahimi813@gmail.com,9941159999
453,4036573175,Sina,Farrokhi,8815,Sina.Farrokhi.729@gmail.com,9192666638
454,4023608288,Mohammad,Amiri,2595,Mohammad.Amiri.114@gmail.com,9315973009
455,4032198936,Neda,Tehrani,4519,Neda.Tehrani.473@gmail.com,9122355619
456,4034633128,Sina,Hatami,8808,SinaHatami.271@gmail.com,9791256749
457,4035397821,Farangis,Kamali,9110,FarangisKamali.651@gmail.com,9181355874
458,4012603134,Farangis,Hatami,4299,Farangis.Hatami268@gmail.com,9517376830
459,4039394338,Fatemeh,Alavi,6136,FatemehAlavi254@gmail.com,9200358888
460,4017298509,Amir Hossein,Kazemi,9095,Amir HosseinKazemi.495@gmail.com,9162622822
461,4039483443,Behrooz,Shafiei,3351,Behrooz.Shafiei153@gmail.com,9195746696
462,4022420744,Soheil,Tehrani,5193,Soheil.Tehrani576@gmail.com,9224700309
463,4013811208,Soheil,Amiri,2051,Soheil.Amiri.627@gmail.com,9692395375
464,4026808435,Hossein,Taheri,7598,Hossein.Taheri.245@gmail.com,9805858485
465,4015857041,Hossein,Nazeri,3953,Hossein.Nazeri554@gmail.com,9660494845
466,4024308156,Merhrdad,Moodi,6245,Merhrdad.Moodi.106@gmail.com,9220257416
467,4015514499,Rezvan,Moodi,3222,RezvanMoodi847@gmail.com,9734972207
468,4025745425,Bagher,Kamali,6832,BagherKamali.503@gmail.com,9432700385
469,4028723640,Shahin,Esmaeili,8897,ShahinEsmaeili.471@gmail.com,9143641536
470,4026059435,Kian,Azizi,7253,KianAzizi.181@gmail.com,9627227649
471,4013707688,Amir Hossein,Amini,6106,Amir HosseinAmini314@gmail.com,9609816411
472,4027031282,Sina,Momeni,1823,SinaMomeni.730@gmail.com,9131206098
473,4025530149,Neda,Kamali,3905,NedaKamali.666@gmail.com,9747079879
474,4029734825,Pirooz,Jafari,9241,Pirooz.Jafari.209@gmail.com,9223074926
475,4014821050,Neda,Farzaneh,7617,NedaFarzaneh.966@gmail.com,9227891499
476,4037524027,Bagher,Bagheri,4020,BagherBagheri.867@gmail.com,9948861530
477,4024561550,Sina,Nazeri,5049,SinaNazeri274@gmail.com,9945946155
478,4017926568,Amir,Esmaeili,7579,AmirEsmaeili172@gmail.com,9916134297
479,4038379043,Mohammad,Jafari,4256,Mohammad.Jafari423@gmail.com,9622228680
480,4017345695,Farangis,Alavi,9216,FarangisAlavi.945@gmail.com,9606455262
481,4013070252,Mina,Hedayati,1196,Mina.Hedayati.252@gmail.com,9916389867
482,4037378832,Shahram,Alavi,1742,ShahramAlavi.695@gmail.com,9203551371
483,4025150526,Merhrdad,Esfehani,5724,Merhrdad.Esfehani.957@gmail.com,9224153035
484,4031118504,Rezvan,Hedayati,4315,RezvanHedayati.646@gmail.com,9320740898
485,4038099494,Gholam,Farrokhi,8111,GholamFarrokhi.959@gmail.com,9949261061
486,4013927366,Sajedeh,Amini,7591,Sajedeh.Amini964@gmail.com,9891078433
487,4023322754,Rezvan,Fakhri,3610,RezvanFakhri.908@gmail.com,9277843734
488,4015780870,Hossein,Ebrahimi,8473,HosseinEbrahimi518@gmail.com,9330292728
489,4015917282,Mohsen,Azizi,1212,MohsenAzizi540@gmail.com,9758174856
490,4014909088,Mina,Fakhri,1800,MinaFakhri512@gmail.com,9278771370
491,4014953700,Bagher,Maleki,1357,BagherMaleki.899@gmail.com,9402875381
492,4016651138,Behrooz,Farzaneh,7702,BehroozFarzaneh567@gmail.com,9174705951
493,4011306845,Kiana,Amiri,4271,Kiana.Amiri.728@gmail.com,9547909091
494,4028865694,Farangis,Farhadi,7987,Farangis.Farhadi.968@gmail.com,9508470599
495,4021360566,Marzieh,Nikzad,1937,MarziehNikzad451@gmail.com,9114862814
496,4025955878,Bahram,Nikzad,2483,Bahram.Nikzad.781@gmail.com,9420423995
497,4022226242,Chavosh,Nazeri,5860,Chavosh.Nazeri.739@gmail.com,9785903660
498,4015571214,Bita,Farrokhi,8728,BitaFarrokhi.503@gmail.com,9991179498
499,4013612002,Bita,Hedayati,7616,Bita.Hedayati.316@gmail.com,9462398539
